{"131.247.2.248,165.124.144.122": {"total_time": 9.562632083892822, "distance": 48, "tiers": 1, "candidate_max": null, "start_time": 1462685119.463752, "error_type": null, "vote_sample": 1.0, "error": null, "report": "REPORT: 131.247.2.248->165.124.144.122\nQueries: 266\n131.247.2.248 ['root'] + 0 (248.2.247.131.in-addr.arpa.)\n185.93.0.16 set(['cdn77']) + 16 (16.0.93.185.in-addr.arpa.)\n54.230.90.110 set(['cloudfront']) + 8 (110.90.230.54.in-addr.arpa.)\n185.93.1.22 set(['cdn77']) + 10 (22.1.93.185.in-addr.arpa.)\n+++++++++++\n165.124.144.122 set(['cdn77']) + 14 (122.144.124.165.in-addr.arpa.)", "path": [], "queries": 266}}