{"131.247.2.248,165.124.144.122": {"total_time": 4.644831895828247, "distance": 32, "tiers": 1, "candidate_max": null, "start_time": 1462599826.258326, "error_type": null, "vote_sample": 1.0, "error": null, "report": "REPORT: 131.247.2.248->165.124.144.122\nQueries: 122\n131.247.2.248 ['root'] + 0 (248.2.247.131.in-addr.arpa.)\n185.93.0.27 set(['cdn77']) + 16 (atlanta-26.cdn77.com.)\n52.84.13.46 set(['cloudfront']) + 8 (server-52-84-13-46.ord54.r.cloudfront.net.)\n+++++++++++\n165.124.144.122 set(['cloudfront']) + 8 (wireless-165-124-144-122.nuwlan.northwestern.edu.)", "path": [["131.247.2.248", 0, "248.2.247.131.in-addr.arpa."], ["185.93.0.27", 16, "atlanta-26.cdn77.com."], ["52.84.13.46", 8, "server-52-84-13-46.ord54.r.cloudfront.net."], ["165.124.144.122", 8, "wireless-165-124-144-122.nuwlan.northwestern.edu."]], "queries": 122}}